date,spot_open,close,iv_realized,em,short_put,long_put,short_call,long_call,net_credit,max_risk,settlement_value,pnl
2026-03-18,668.36,661.43,0.12298241923852794,2.236148312359567,666.0,664.0,671.0,672.0,0.22612991524041703,177.38700847595828,2.0,-177.38700847595828
2026-03-19,656.97,659.8,0.12929218894588512,2.3108137811959266,654.0,653.0,660.0,661.0,0.13286793738611635,86.71320626138836,0.0,13.286793738611635
2026-03-20,656.51,648.57,0.12927948995079722,2.308968978230987,654.0,652.0,659.0,661.0,0.28301600420671313,171.69839957932868,2.0,-171.69839957932868
2026-03-23,658.07,655.38,0.13547014011205358,2.4252850800294468,655.0,654.0,661.0,662.0,0.15214252841413511,84.78574715858649,0.0,15.214252841413511
2026-03-24,651.32,653.18,0.14069713288068875,2.4930258637181923,648.0,647.0,654.0,656.0,0.21618197577328857,178.38180242267114,0.0,21.618197577328857
2026-03-25,658.67,656.82,0.136408789917525,2.4443160646842172,656.0,654.0,662.0,663.0,0.20216179817160906,179.7838201828391,0.0,20.216179817160906
2026-03-26,652.06,645.09,0.13372614060360627,2.372198313895335,649.0,648.0,655.0,656.0,0.1432610418862552,85.67389581137448,1.0,-85.67389581137448
2026-03-27,642.5,634.09,0.14417459251244236,2.520049009825724,639.0,638.0,646.0,647.0,0.11482535701828667,88.51746429817133,1.0,-88.51746429817133
2026-03-30,640.11,631.97,0.15235378827204576,2.6531083822748176,637.0,635.0,643.0,645.0,0.28237770371240956,171.76222962875903,2.0,-171.76222962875903
2026-03-31,638.94,650.34,0.15145038704175168,2.6325558122889228,636.0,634.0,642.0,644.0,0.275695068105712,172.4304931894288,2.0,-172.4304931894288
2026-04-01,653.9,655.24,0.1896377001225528,3.3735188363148216,650.0,648.0,658.0,660.0,0.2883601179153388,171.16398820846612,0.0,28.836011791533878
2026-04-02,646.42,655.83,0.18995382672741487,3.340488295217838,642.0,641.0,651.0,652.0,0.13597353593501893,86.4026464064981,1.0,-86.4026464064981
2026-04-06,655.86,658.93,0.189828008285031,3.387026215814601,652.0,650.0,660.0,662.0,0.29176236592191884,170.82376340780812,0.0,29.176236592191884
2026-04-07,656.65,659.22,0.186315616714723,3.3283602706621584,652.0,651.0,661.0,662.0,0.13498762430186773,86.50123756981323,0.0,13.498762430186773
2026-04-08,676.39,676.01,0.18286530404298443,3.364926737227921,672.0,671.0,681.0,682.0,0.13889525871706354,86.11047412829365,0.0,13.889525871706354
2026-04-09,674.84,679.91,0.20574557817548722,3.7772736529410893,670.0,668.0,680.0,681.0,0.1928124728816769,180.7187527118323,0.0,19.28124728816769
2026-04-10,681.32,679.46,0.20671895165977427,3.83158579050978,677.0,675.0,686.0,688.0,0.3123305167709809,168.7669483229019,0.0,31.23305167709809
2026-04-13,677.41,686.1,0.198465579146045,3.6574965207133485,673.0,671.0,682.0,684.0,0.2750665310741027,172.49334689258973,2.0,-172.49334689258973
2026-04-14,687.69,694.46,0.19912672925736585,3.725369819177155,683.0,681.0,692.0,694.0,0.2903913906742943,170.96086093257057,2.0,-170.96086093257057
2026-04-15,695.26,699.94,0.20035338674627048,3.7895797807862848,691.0,689.0,700.0,702.0,0.3041093990566459,169.58906009433542,0.0,30.41093990566459
2026-04-16,701.06,701.66,0.20147521485505465,3.8425890291585336,696.0,694.0,706.0,708.0,0.24529414505689573,175.47058549431043,0.0,24.529414505689573
2026-04-17,706.14,710.14,0.19220115535259774,3.692274063439275,702.0,700.0,711.0,713.0,0.28554413910318743,171.44558608968126,0.0,28.554413910318743
2026-04-20,708.78,708.72,0.19365322000791887,3.7340772595750247,704.0,702.0,713.0,715.0,0.2935158134319771,170.64841865680228,0.0,29.351581343197708
2026-04-21,710.28,704.08,0.17892642197259087,3.4574124039246956,706.0,704.0,715.0,716.0,0.19691681979032438,180.30831802096756,1.919999999999959,-172.30831802096347
2026-04-22,709.15,711.21,0.1815192869975465,3.50193440162773,705.0,703.0,714.0,715.0,0.20928235416981877,179.07176458301814,0.0,20.928235416981877
2026-04-23,709.5,708.45,0.1809654824971027,3.492973310681886,705.0,703.0,714.0,716.0,0.24063836874774225,175.9361631252258,0.0,24.063836874774225
2026-04-24,710.75,713.94,0.18315717515513297,3.541505556313422,706.0,705.0,715.0,717.0,0.21460217768924394,178.5397822310756,0.0,21.460217768924394
2026-04-27,713.17,715.17,0.16433920039992145,3.188462825854698,709.0,708.0,717.0,719.0,0.2097726696131339,179.02273303868662,0.0,20.97726696131339
2026-04-28,711.815,711.69,0.14262257353926489,2.7618655107763046,708.0,707.0,715.0,717.0,0.1997830320888454,180.02169679111546,0.0,19.97830320888454
2026-04-29,711.0,711.58,0.1440502370872624,2.78631812808124,708.0,706.0,714.0,716.0,0.31971594773533596,168.02840522646642,0.0,31.971594773533596
2026-04-30,714.63,718.66,0.11768751023540192,2.288014336327768,712.0,711.0,717.0,719.0,0.2423523460330408,175.7647653966959,1.6599999999999682,-141.76476539669272
2026-05-01,721.25,720.65,0.11880038514554427,2.3310457496075276,718.0,717.0,724.0,725.0,0.13886955818120583,86.11304418187942,0.0,13.886955818120583
2026-05-04,720.07,718.01,0.1182089136971699,2.3156454560282174,717.0,716.0,723.0,724.0,0.13397845417228282,86.60215458277172,0.0,13.397845417228282
2026-05-05,721.77,723.77,0.12189629671141732,2.3935166942071837,719.0,718.0,725.0,726.0,0.14806242201760256,85.19375779823974,0.0,14.806242201760256
2026-05-06,728.16,733.83,0.12167677659900607,2.4103584739422685,725.0,724.0,731.0,732.0,0.15053894890373343,84.94610510962666,1.0,-84.94610510962666
2026-05-07,735.05,731.58,0.10130800044737627,2.0258521558832796,733.0,732.0,738.0,739.0,0.15124304517727083,84.87569548227292,1.0,-84.87569548227292
2026-05-08,734.93,737.62,0.1042030440126864,2.0834040497812603,732.0,731.0,738.0,739.0,0.0961828743299904,90.38171256700096,0.0,9.61828743299904
2026-05-11,736.45,739.3,0.10408498210582662,2.0853476204435064,734.0,733.0,739.0,740.0,0.15419595268412678,84.58040473158732,0.2999999999999545,-14.580404731582775
2026-05-12,736.89,738.18,0.10209153316731838,2.0466308266701425,734.0,733.0,739.0,740.0,0.15477336403202457,84.52266359679754,0.0,15.477336403202457
2026-05-13,738.47,742.31,0.0986627987587822,1.9821358216466094,736.0,735.0,741.0,742.0,0.134221212690818,86.5778787309182,1.0,-86.5778787309182
2026-05-14,743.65,748.17,0.0975143073312209,1.9728044771926618,741.0,740.0,746.0,747.0,0.13392738001152082,86.60726199884792,1.0,-86.60726199884792
2026-05-15,741.79,739.17,0.09903630628077403,1.9985845739887291,739.0,738.0,744.0,745.0,0.1421728140045957,85.78271859954043,0.0,14.21728140045957
2026-05-18,739.83,738.65,0.10725599854445594,2.158741550835578,737.0,736.0,743.0,744.0,0.10883112915826842,89.11688708417316,0.0,10.883112915826842
2026-05-19,734.78,733.73,0.10671079690481783,2.133107841854088,732.0,731.0,737.0,739.0,0.21099147506337346,178.90085249366265,0.0,21.099147506337346
2026-05-20,735.71,741.25,0.10683445678670477,2.1382827265865676,733.0,732.0,738.0,739.0,0.16690506675676886,83.30949332432311,1.0,-83.30949332432311
2026-05-21,738.64,742.72,0.1069557040197114,2.1492349569503557,736.0,735.0,741.0,742.0,0.16776106180779493,83.2238938192205,1.0,-83.2238938192205
2026-05-22,746.24,745.64,0.1046238966568379,2.1240099057513597,744.0,743.0,749.0,750.0,0.16418850464840418,83.58114953515958,0.0,16.418850464840418
2026-05-26,750.01,750.59,0.10289933761551269,2.0995525806114985,747.0,746.0,753.0,754.0,0.09869962736011217,90.13003726398878,0.0,9.869962736011217
2026-05-27,750.88,750.46,0.10407533506603298,2.1260108520247716,748.0,747.0,754.0,755.0,0.10315953425363844,89.68404657463616,0.0,10.315953425363844
2026-05-28,750.25,754.6,0.10099598729662236,2.0613761430741815,748.0,747.0,753.0,754.0,0.15189318083619696,84.8106819163803,1.0,-84.8106819163803
2026-05-29,755.9,756.48,0.1009066994352186,2.0750638701113515,753.0,752.0,758.0,760.0,0.20492817371741623,179.50718262825836,0.0,20.492817371741623
2026-06-01,755.36,758.54,0.09749290241234922,2.003429688477461,753.0,752.0,758.0,759.0,0.13894779052303718,86.10522094769628,0.5399999999999636,-40.105220947692644
2026-06-02,757.03,759.57,0.09749178711402293,2.007836034258758,755.0,754.0,760.0,761.0,0.14861627682221723,85.13837231777828,0.0,14.861627682221723
2026-06-03,758.15,754.24,0.09482621171326812,1.9558280151008498,756.0,755.0,761.0,762.0,0.1342938851352855,86.57061148647145,1.0,-86.57061148647145
2026-06-04,752.1,757.09,0.09886831679661912,2.022925325877644,750.0,749.0,755.0,756.0,0.14876235351305667,85.12376464869433,1.0,-85.12376464869433
2026-06-05,752.31,737.55,0.08898512319358155,1.8212156058412954,750.0,749.0,755.0,755.0,0.061715006009468,93.8284993990532,1.0,-93.8284993990532
2026-06-08,743.36,739.22,0.13215011810258548,2.672476322200355,740.0,739.0,747.0,748.0,0.13710400754463592,86.28959924553641,0.7799999999999727,-64.28959924553368
2026-06-09,743.63,737.05,0.12913379270556577,2.612425600746034,740.0,739.0,747.0,748.0,0.1287052583102266,87.12947416897734,1.0,-87.12947416897734
2026-06-10,733.39,725.43,0.1292999323937208,2.579766531274828,730.0,729.0,737.0,738.0,0.12355099870040931,87.64490012995907,1.0,-87.64490012995907
2026-06-11,728.76,737.76,0.1408622149256953,2.792712073256895,725.0,724.0,732.0,734.0,0.20326822757558105,179.6731772424419,2.0,-179.6731772424419
2026-06-12,740.71,741.75,0.15288244188569067,3.080725058208868,737.0,735.0,745.0,746.0,0.19227626592473612,180.7723734075264,0.0,19.227626592473612
2026-06-15,751.85,754.83,0.1513757966704463,3.0962410786336676,748.0,746.0,756.0,757.0,0.18972917050706783,181.02708294929323,0.0,18.972917050706783
2026-06-16,754.55,750.33,0.15742466114072753,3.231527923365442,751.0,749.0,759.0,760.0,0.2275643396543252,177.2435660345675,0.6699999999999591,-44.243566034563386
2026-06-17,751.29,740.96,0.1593059974828909,3.2560184479768575,747.0,746.0,755.0,757.0,0.22735155108563987,177.264844891436,1.0,-77.26484489143601
2026-06-18,747.76,746.74,0.16425576442568623,3.3414115678481244,744.0,742.0,752.0,754.0,0.282361272418008,171.7638727581992,0.0,28.2361272418008
2026-06-22,747.7,744.39,0.16257117561918868,3.306877059406465,744.0,742.0,752.0,753.0,0.23403375901956736,176.59662409804326,0.0,23.403375901956736
2026-06-23,733.81,733.58,0.16291673332029122,3.2523437524320653,730.0,728.0,738.0,740.0,0.261235809866907,173.87641901330932,0.0,26.123580986690698
2026-06-24,735.17,733.24,0.17030230140235758,3.406084483085261,731.0,729.0,739.0,741.0,0.29688132037618686,170.3118679623813,0.0,29.688132037618686
2026-06-25,738.91,734.3,0.168043719663375,3.378010168938907,735.0,733.0,743.0,745.0,0.289327467376971,171.0672532623029,0.7000000000000455,-41.067253262307446
2026-06-26,728.945,728.99,0.168268883949667,3.336919255577412,725.0,723.0,733.0,735.0,0.2797209639394076,172.02790360605923,0.0,27.97209639394076
2026-06-29,736.525,741.0,0.16773571353565345,3.3609353271798796,732.0,731.0,741.0,742.0,0.1383227724891043,86.16772275108957,0.0,13.83227724891043
2026-06-30,741.29,746.77,0.179169561530852,3.6132623419623413,737.0,735.0,746.0,748.0,0.26668344209767625,173.3316557902324,0.7699999999999818,-50.331655790230556
2026-07-01,745.0,745.76,0.18144676630032677,3.677499546566429,740.0,739.0,750.0,751.0,0.1359729766063893,86.40270233936107,0.0,13.59729766063893
2026-07-02,747.4,744.78,0.18127800099949984,3.6859150299449337,743.0,741.0,752.0,754.0,0.2810664356068635,171.89335643931366,0.0,28.10664356068635
2026-07-06,748.74,751.28,0.1798459797827017,3.663354032964593,744.0,742.0,753.0,755.0,0.27809315903489207,172.19068409651078,0.0,27.809315903489207
2026-07-07,750.22,747.71,0.1822736516718495,3.7201431735077595,746.0,744.0,755.0,757.0,0.2899974456097638,171.00025543902362,0.0,28.99974456097638
2026-07-08,743.16,745.4,0.15611340278557273,3.1562372315312412,739.0,738.0,747.0,749.0,0.20356512677446048,179.64348732255394,0.0,20.356512677446048
2026-07-09,747.35,751.71,0.1565525392525239,3.1829607073717106,743.0,742.0,751.0,753.0,0.21680490084823845,178.31950991517616,0.7100000000000364,-49.31950991517979
2026-07-10,752.05,754.95,0.15850950512862277,3.2430164236049754,748.0,746.0,756.0,758.0,0.2582983299900228,174.1701670009977,0.0,25.829832999002278
